,file_name
58,/home/runner/work/JSqlParser/JSqlParser/config/checkstyle/suppressions.xml
109,/home/runner/work/JSqlParser/JSqlParser/gradle/wrapper/gradle-wrapper.jar
287,/home/runner/work/JSqlParser/JSqlParser/LICENSE_LGPLV21
288,/home/runner/work/JSqlParser/JSqlParser/config/checkstyle/checkstyle_checks.xml
289,/home/runner/work/JSqlParser/JSqlParser/config/formatter/eclipse-java-google-style.xml
290,/home/runner/work/JSqlParser/JSqlParser/src/license/dual_lgpl_ap2/license.txt
1515,/home/runner/work/JSqlParser/JSqlParser/settings.gradle
1516,/home/runner/work/JSqlParser/JSqlParser/nbactions.xml
1517,/home/runner/work/JSqlParser/JSqlParser/nb-configuration.xml
1518,/home/runner/work/JSqlParser/JSqlParser/gradlew.bat
1519,/home/runner/work/JSqlParser/JSqlParser/gradlew
1520,/home/runner/work/JSqlParser/JSqlParser/gradle/wrapper/gradle-wrapper.properties
1521,/home/runner/work/JSqlParser/JSqlParser/gradle.properties
1522,/home/runner/work/JSqlParser/JSqlParser/config/checkstyle/sun_checks.xml
1523,/home/runner/work/JSqlParser/JSqlParser/config/checkstyle/google_checks.xml
1524,/home/runner/work/JSqlParser/JSqlParser/config/checkstyle/checkstyle.xml
1525,/home/runner/work/JSqlParser/JSqlParser/build.gradle
1526,/home/runner/work/JSqlParser/JSqlParser/README.md
1527,/home/runner/work/JSqlParser/JSqlParser/.gitignore
1528,/home/runner/work/JSqlParser/JSqlParser/.travis.yml
1529,/home/runner/work/JSqlParser/JSqlParser/LICENSE_APACHEV2
1972,/home/runner/work/JSqlParser/JSqlParser/.github/release.yml
1973,/home/runner/work/JSqlParser/JSqlParser/.github/workflows/maven.yml
1974,/home/runner/work/JSqlParser/JSqlParser/config/spotbugs/spotBugsExcludeFilter.xml
